article_id,date,week,headline,url,lead_paragraph,anticipation,sadness,joy,negative,trust,positive,surprise,disgust,anger,fear
nyt://article/8a8e3783-7d84-5d0e-8668-7698335f440b,2018/11/1 0:00,2018-44,"b'In Oscar Bid, Netflix Will Release 3 Movies in Theaters First'",https://www.nytimes.com/2018/10/31/business/netflix-theater-streaming-release.html,"LOS ANGELES — Netflix softened its longstanding view on movie distribution, saying late Wednesday that it would release three prestige movies in a way that it had repeatedly said was a nonstarter — in cinemas first, and on the streaming service later.",0.023809524,0,0,0.023809524,0,0.023809524,0,0,0.023809524,0.023809524
nyt://article/e2c10a3b-6b36-5830-9c05-ea43c79b1d4b,2018/11/1 0:00,2018-44,b'Obamas Acquire Book Critical of Trump as First Netflix Project',https://www.nytimes.com/2018/11/01/arts/television/obama-michael-lewis-fifth-risk.html,"Former President Barack Obama’s production company has bought the rights to the Michael Lewis book  “The Fifth Risk,” its first known acquisition since it signed a deal with Netflix in May.",0.032258065,0,0,0,0,0.064516129,0.064516129,0.032258065,0,0.032258065
nyt://article/ac41de1c-81e0-58a0-a8fc-c45f7d250054,2018/11/2 0:00,2018-44,b'What\xe2\x80\x99s on TV Friday: \xe2\x80\x98The Other Side of the Wind\xe2\x80\x99 and \xe2\x80\x98House of Cards\xe2\x80\x99',https://www.nytimes.com/2018/11/02/arts/television/whats-on-tv-friday-the-other-side-of-the-wind-and-house-of-cards.html,"“House of Cards” returns for a final season. And after decades locked away unfinished, Orson Welles’s “The Other Side of the Wind” debuts on Netflix.",0,0,0,0,0,0,0,0,0,0
nyt://article/3af9d162-b51e-5389-87b7-ccee7c7b4a2f,2018/11/14 0:00,2018-46,b'Netflix Put a Movie in Theaters. Good Luck Finding It.',https://www.nytimes.com/2018/11/14/movies/netflix-ballad-of-buster-scruggs.html,"Breaking with its long-held position, Netflix announced in late October that it would begin releasing select movies in theaters before making them available on its streaming platform, rather than on the same day. But for “The Ballad of Buster Scruggs,” the new film from the Coen brothers and the first title Netflix is distributing this way, the exclusive theatrical release was something of a mirage.",0.015384615,0,0,0.015384615,0,0.015384615,0,0,0.015384615,0
nyt://article/d0421c6f-5c49-5440-bf5b-5bc6ff416fea,2018/11/15 0:00,2018-46,b'How Much Watching Time Do You Have This Weekend?',https://www.nytimes.com/2018/11/15/arts/television/weekend-television.html,"No matter how much free time you have this weekend, we have TV recommendations for you. Come back every Friday for new suggestions on what to watch.",0,0,0,0,0,0,0.037037037,0,0,0
nyt://article/fd4a885b-40c7-59d2-9607-8f75cb543872,2018/11/27 0:00,2018-48,b'Netflix to Produce Multiple Roald Dahl Streaming Series',https://www.nytimes.com/2018/11/27/arts/television/netflix-roald-dahl.html,"Oompa loompa doompety doo, I’ve got a perfect puzzle for you. Oompa loompa doompety dee, Roald Dahl is coming to streaming TV.",0.045454545,0,0,0,0,0.045454545,0.090909091,0,0,0.045454545
nyt://article/208b6b8a-f882-5ca6-a675-b2dfd742bb4d,2018/11/30 0:00,2018-48,b'The Best Movies and TV Shows New to Netflix Australia in December',https://www.nytimes.com/2018/11/29/watching/australia-netflix-december-new-tv-movies.html,"Every month, Netflix Australia adds a new batch of movies and TV shows to its library. Here are the titles we think are most interesting for December, broken down by release date. Netflix occasionally changes its schedule without giving notice.",0,0.025,0,0.025,0.025,0.05,0,0,0.025,0
nyt://article/956bb914-52b6-5716-b53e-781c7a64c692,2018/11/30 0:00,2018-48,b'\xe2\x80\x98Mowgli\xe2\x80\x99: A Gloomier \xe2\x80\x98Jungle Book\xe2\x80\x99 Finally Sees the Light of Day',https://www.nytimes.com/2018/11/30/movies/mowgli-netflix.html,"Finding a preteen lead who can carry a big-budget, effects-heavy movie doesn’t sound like a simple feat. But casting Rohan Chand might have been the easiest part of completing Netflix’s new “Jungle Book” adaptation, “Mowgli: Legend of the Jungle.”",0,0,0,0,0,0.051282051,0.025641026,0,0,0.025641026
nyt://article/143b3658-cd4f-5471-af0d-b5577cb103db,2018/12/4 0:00,2018-49,b'Netflix Will Keep \xe2\x80\x98Friends\xe2\x80\x99 Through Next Year in a $100 Million Agreement',https://www.nytimes.com/2018/12/04/business/media/netflix-friends.html,Are Netflix and “Friends” on a break?,0,0,0,0,0,0,0,0,0,0
nyt://article/e84072ff-1ca7-5008-a0df-a1166c95fc39,2018/12/4 0:00,2018-49,b'A Hallmark Christmas Fan Watches Netflix\xe2\x80\x99s Holiday Movies',https://www.nytimes.com/2018/12/04/movies/netflix-hallmark-christmas.html,"There are two reasons I still pay for cable: 1. NY1 (local news, Jamie Stelter and Pat Kiernan). 2. Hallmark Christmas movies.",0.045454545,0,0,0,0,0.045454545,0.045454545,0,0,0.045454545
nyt://article/88e93f45-2d8e-5a90-bc92-d0a423652488,2018/12/5 0:00,2018-49,b'Tom Cruise Wants to Fix Your TV Settings: 5 Things in Pop Culture Today',https://www.nytimes.com/2018/12/05/arts/tom-cruise-cardi-b-offset.html,What would you like to see here? Email us at popculture@nytimes.com.,0,0,0,0,0,0,0,0,0,0
nyt://article/eaaf9c78-002c-56da-a56c-ab9e26c4c358,2018/12/16 0:00,2018-50,b'Netflix\xe2\x80\x99s Movie Blitz Takes Aim at Hollywood\xe2\x80\x99s Heart',https://www.nytimes.com/2018/12/16/business/media/netflix-movies-hollywood.html,"As hundreds of movie buffs waited in line to see Alfonso Cuarón’s “Roma” at the Telluride Film Festival in August, an S.U.V. rolled up and a tall, tanned man wearing sunglasses stepped out. He smiled and waved before breezing into the theater with his entourage.",0,0,0,0,0,0.022222222,0,0,0,0
nyt://article/44aee904-9cea-5bb3-a306-7953f6517f20,2018/12/14 0:00,2018-50,"b'Springsteen on Netflix, Where Everyone Can Get a Ticket'",https://www.nytimes.com/2018/12/14/arts/television/springsteen-on-broadway-netflix.html,"With Netflix’s faithful film version of “Springsteen on Broadway,” there’s no need to re-review the show itself. What my colleague Jesse Green wrote when it opened in October 2017 still stands: “As portraits of artists go, there may never have been anything as real — and beautiful — on Broadway.”",0.06,0,0,0,0,0.06,0,0,0,0.02
nyt://article/bab7f07b-a629-5b19-8a5d-41e46a3e1ffb,2018/12/17 0:00,2018-51,"b'Channing Dungey, Former ABC Head of Entertainment, Is Going to Netflix'",https://www.nytimes.com/2018/12/17/business/media/channing-dungey-netflix.html,"Channing Dungey, who left ABC only a month ago as its entertainment head, is taking a high-ranking executive position at Netflix, the streaming company announced on Monday.",0.037037037,0,0,0,0,0.037037037,0.037037037,0.037037037,0,0.037037037
nyt://article/ca197dfd-05de-5456-b374-d2d696c1ee07,2018/12/20 0:00,2018-51,b'5 Ways Facebook Shared Your Data',https://www.nytimes.com/2018/12/19/technology/facebook-data-sharing.html,"Facebook for years gave major tech companies, including Yahoo and Netflix, greater access to people’s data than it disclosed, a New York Times investigation found. The partnerships helped Facebook draw new users, ramp up its advertising revenue and embed itself on sites across the web.",0,0,0,0,0,0.066666667,0.022222222,0,0,0
nyt://article/df98a89a-7499-5467-9576-c532e5d58049,2018/12/27 0:00,2018-52,b'Can Netflix Take Turkey\xe2\x80\x99s TV Dramas to the World?',https://www.nytimes.com/2018/12/27/arts/television/turkish-tv-netflix-the-protector.html,"LONDON — On a recent evening, Nahid Akhtar, 47, sat on a sofa in London shouting at a TV. She was watching “The Protector,” Netflix’s first original series in Turkish.",0.033333333,0,0,0,0,0,0,0,0,0
nyt://article/3cd035f9-173e-5784-973b-9eec44e3632e,2018/12/28 0:00,2018-52,b'\xe2\x80\x98Black Mirror\xe2\x80\x99 Gives Power to the People',https://www.nytimes.com/2018/12/28/arts/television/black-mirror-netflix-interactive.html,"LOS GATOS, Calif. — “Black Mirror,” the speculative fiction series that encouraged people to be wary of new technology, is now hoping they will embrace it. The Netflix show released just one episode on Friday, a narrative titled “Bandersnatch” during which the viewer decides what will happen next.",0.0625,0,0,0,0.020833333,0.020833333,0.0625,0.020833333,0,0.020833333
nyt://article/97eef5b0-77a3-5e53-ac5b-750cc3eb8234,2019/1/6 0:00,2019-01,b'Netflix\xe2\x80\x99s Bow to Saudi Censors Comes at a Cost to Free Speech',https://www.nytimes.com/2019/01/06/business/media/netflix-saudi-arabia-censorship-hasan-minhaj.html,"Under Article 6, Paragraph 1 of Saudi Arabia’s Anti-Cyber Crime Law, the following is punishable by up to five years in prison: “Production, preparation, transmission, or storage of material impinging on public order, religious values, public morals, and privacy, through the information network or computers.”",0,0,0,0,0,0.066666667,0.066666667,0,0,0
nyt://article/5d95923a-6a7b-56b6-bc69-73925f66c62d,2019/1/11 0:00,2019-02,b'Mam\xc3\xa1 to Madre? \xe2\x80\x98Roma\xe2\x80\x99 Subtitles in Spain Anger Alfonso Cuar\xc3\xb3n',https://www.nytimes.com/2019/01/11/movies/roma-spanish-subtitles-alfonso-cuaron-netflix.html,"If you complain to Netflix, the streaming giant listens. At least it does if you’re Alfonso Cuarón, the Golden Globe-winning director of “Roma.”",0.043478261,0.043478261,0,0.043478261,0.043478261,0.043478261,0,0,0.043478261,0
nyt://article/89ab6c8a-f282-5b87-84b6-4683f5a7664b,2019/1/11 0:00,2019-02,b'Netflix Chose a New Market Over Free Speech. That Sets a Disturbing Precedent.',https://www.nytimes.com/2019/01/11/opinion/netflix-saudi-arabia-minhaj.html,"RABAT, Morocco — International media companies and platforms would have us all consume the same movies, television shows and music, streamed across the globe. Unfortunately, censorship is becoming globalized alongside culture.",0,0,0,0,0,0,0,0,0,0
nyt://article/207dc44c-2306-573d-a4f8-66b3799c2a06,2019/1/8 0:00,2019-02,b'\xe2\x80\x98Lionheart\xe2\x80\x99 Review: Netflix Goes to Nollywood',https://www.nytimes.com/2019/01/08/movies/lionheart-review.html,"The notion that streaming services afford wide audiences a chance to sample overlooked pockets of world cinema gains some support with the release of “Lionheart,” a Nigerian feature now on Netflix. For many American viewers, the film will be an introduction to Genevieve Nnaji — one of the biggest stars of the Nigerian movie industry, or Nollywood, who has more than 100 credits.",0,0,0,0,0,0.047619048,0,0.015873016,0,0
nyt://article/caafb0d0-5044-5cfc-85fe-307dd0106b9b,2019/1/15 0:00,2019-03,b'Netflix Is Raising Prices. Here\xe2\x80\x99s Why.',https://www.nytimes.com/2019/01/15/business/media/netflix-price-increase.html,Netflix is raising prices.,0,0,0,0,0,0,0,0,0,0
nyt://article/474952a7-7201-58dd-b5b7-71d78c11e14c,2019/1/18 0:00,2019-03,b'What\xe2\x80\x99s on TV Friday: \xe2\x80\x98Fyre\xe2\x80\x99 and \xe2\x80\x98Grace and Frankie\xe2\x80\x99',https://www.nytimes.com/2019/01/18/arts/television/whats-on-tv-friday-fyre-and-grace-and-frankie.html,"Stream Netflix’s behind-the-scenes documentary on the failed Fyre Fest, and the Season 5 premiere of “Grace and Frankie.”",0,0,0,0,0,0,0,0,0,0
nyt://article/a52f3765-230f-565c-9430-d1fbb68d6520,2019/1/17 0:00,2019-03,b'\xe2\x80\x98Bird Box\xe2\x80\x99 Footage of Canadian Tragedy Will Not be Removed',https://www.nytimes.com/2019/01/17/arts/television/bird-box-netflix-explosion.html,"(Update, March 14, 2019: The Canadian Press reported that Netflix had decided to remove the train-accident footage from “Bird Box.”)",0,0.05,0,0.05,0.05,0,0,0,0.05,0
nyt://article/ba6b650b-061e-539f-a32f-7830e328701e,2019/1/14 0:00,2019-03,b'The Critics\xe2\x80\x99 Choice Is \xe2\x80\x98Roma.\xe2\x80\x99 Will It Be Oscar\xe2\x80\x99s?',https://www.nytimes.com/2019/01/14/movies/roma-critics-choice-awards.html,"The past two weeks have been some of the most hectic of the award-season calendar, but no one has been busier than Alfonso Cuarón.",0,0,0,0,0,0,0,0,0,0
nyt://article/197959cd-9b08-51c8-a70d-97b0080ed486,2019/1/21 0:00,2019-04,b'What Made the TV Show \xe2\x80\x98You\xe2\x80\x99 a Hit? Netflix',https://www.nytimes.com/2019/01/21/business/media/netflix-you-ratings.html,"Throughout the fall, the producer Greg Berlanti was trying to save his cable drama “You.”",0.066666667,0,0,0,0,0.133333333,0,0.066666667,0,0.066666667
nyt://article/197959cd-9b08-51c8-a70d-97b0080ed486,2019/1/21 0:00,2019-04,b'What Made the TV Show \xe2\x80\x98You\xe2\x80\x99 a Hit? Netflix',https://www.nytimes.com/2019/01/21/business/media/netflix-you-ratings.html,"Throughout the fall, the producer Greg Berlanti was trying to save his cable drama “You.”",0.066666667,0,0,0,0,0.133333333,0,0.066666667,0,0.066666667
nyt://article/9aa69f71-e648-540d-b5ae-249b46e238fc,2019/1/22 0:00,2019-04,b'\xe2\x80\x98American Son\xe2\x80\x99 Play Starring Kerry Washington Will Be Adapted by Netflix',https://www.nytimes.com/2019/01/22/theater/american-son-kerry-washington-netflix.html,"On Monday, Kerry Washington announced on “The Tonight Show Starring Jimmy Fallon” that her Broadway play, “American Son,” will be adapted by Netflix. She is set to reprise her role as Kendra, the concerned mother of a son who may be in great danger.",0.022727273,0,0,0.045454545,0.022727273,0.022727273,0.022727273,0,0.022727273,0.022727273
nyt://article/38fec58a-8493-5a17-8883-5a3418306069,2019/1/22 0:00,2019-04,b'How the Showrunner of Netflix\xe2\x80\x99s \xe2\x80\x98You\xe2\x80\x99 Took Aim at Self-Righteous Male Feminists',https://www.nytimes.com/2019/01/22/arts/television/sera-gamble-you-the-magicians.html,This article contains spoilers for the Netflix series “You.” ,0.111111111,0,0,0,0,0,0,0,0,0
nyt://article/35e825c2-4a39-537f-9f40-2cedc07f3716,2019/1/22 0:00,2019-04,"b'Oscar Snubs and Surprises: Bradley Cooper, Netflix and \xe2\x80\x98Black Panther\xe2\x80\x99'",https://www.nytimes.com/2019/01/22/movies/oscar-snubs-surprises.html,"“Roma” and “The Favourite” led the Oscar nominations Tuesday morning, but which expected nominees missed the mark? Below, your Carpetbagger runs through some of the highest-profile snubs and surprises.",0,0,0,0,0,0,0.034482759,0,0,0
nyt://article/f2926f0d-7535-5ac5-b4c7-7c69233c0a4a,2019/2/1 0:00,2019-05,b'New on Netflix Canada: The Best Movies and TV Shows for February 2019',https://www.nytimes.com/2019/02/01/arts/television/netflix-canada-best-february.html,"Every month, Netflix Canada adds a new batch of TV shows and movies to its library. Here are the titles we think are most interesting for February, broken down by release date. Netflix occasionally changes schedules without giving notice.",0,0.025641026,0,0.025641026,0.025641026,0.051282051,0,0,0.025641026,0
nyt://article/901229ba-d6d3-5e68-bddd-01cf49cbf882,2019/2/6 0:00,2019-06,b'Just Who Has Seen \xe2\x80\x98Roma\xe2\x80\x99? Netflix Offers Clues',https://www.nytimes.com/2019/02/06/business/media/roma-netflix-viewers.html,"LOS ANGELES — For weeks, “Roma,” the Netflix movie directed by Alfonso Cuarón, has occupied an odd position in Hollywood: both omnipresent and mysterious.",0,0,0,0,0,0,0,0,0,0
nyt://article/0f6d064a-9477-54d2-a680-47bf098b90ce,2019/2/7 0:00,2019-06,b'Joy',https://www.nytimes.com/2019/02/07/podcasts/still-processing-marie-kondo-joy.html,"Inspired by Netflix’s “Tidying Up With Marie Kondo,” we decide to KonMari Wesley’s Brooklyn apartment. We ask ourselves what sparks joy in our lives and examine whether Marie Kondo’s philosophy extends into the metaphysical realm.",0,0,0,0,0,0.028571429,0,0,0,0.028571429
nyt://article/2f83f857-bf2d-5d5e-be95-7603c36ec264,2019/2/8 0:00,2019-06,b'What\xe2\x80\x99s on TV Friday: \xe2\x80\x98High Flying Bird\xe2\x80\x99 and \xe2\x80\x98PEN15\xe2\x80\x99',https://www.nytimes.com/2019/02/08/arts/television/whats-on-tv-friday-high-flying-bird-and-pen15.html,"The sports drama from Tarell Alvin McCraney and Steven Soderbergh hits Netflix, and a new middle-school buddy comedy comes to Hulu.",0.047619048,0,0,0,0,0.047619048,0.047619048,0,0,0.047619048
nyt://article/8997ae65-f493-5964-88c6-ef505d7f367a,2019/2/17 0:00,2019-07,"b'In Bid to Conquer Oscars, Netflix Mobilizes Savvy Campaigner and Huge Budget'",https://www.nytimes.com/2019/02/17/business/media/netflix-movies-oscars.html,LOS ANGELES — Netflix called it “‘Roma’ Experience Day.”,0,0,0,0,0,0,0,0,0,0
nyt://article/a82fbb38-2540-550a-84f3-413bbe5a17eb,2019/2/22 0:00,2019-08,b'Netflix Is the Most Intoxicating Portal to Planet Earth',https://www.nytimes.com/2019/02/22/opinion/sunday/netflix-oscars.html,"For months after the 2016 election, I wanted nothing more than to escape America. I don’t mean literally — in the cliché liberal way of absconding to Canada — but intellectually, socially, psychically. Donald Trump was all anybody talked about, and I needed sanctuary. I wanted to find places where the American president-elect and his American opponents and their American controversies simply did not exist.",0,0,0,0,0.015384615,0.030769231,0.015384615,0,0.030769231,0
nyt://interactive/3769fe44-d294-5a71-8281-5220a39673bf,2019/3/6 0:00,2019-10,b'The 50 Best Movies on Netflix Right Now',https://www.nytimes.com/interactive/2019/arts/television/best-movies-on-netflix.html,We’ve plucked out the 50 best films currently streaming on Netflix in the United States. Take a look.,0,0,0,0,0,0,0,0,0,0
nyt://article/59b3da40-c8fb-5bee-8e9b-c9bba2616250,2019/3/6 0:00,2019-10,b'\xe2\x80\x98One Hundred Years of Solitude\xe2\x80\x99 Is Coming to Netflix',https://www.nytimes.com/2019/03/06/books/one-hundred-years-of-solitude-is-coming-to-netflix.html,"Netflix announced on Wednesday that it had acquired the rights to develop Gabriel García Márquez’s seminal novel “One Hundred Years of Solitude” more than 50 years after it was originally published, in 1967. It will be the first time the novel is adapted for the screen.",0,0,0,0,0,0.02173913,0.043478261,0,0,0
nyt://article/05431221-0a53-52bf-b657-3c221e937fde,2019/3/5 0:00,2019-10,b'Treat Medicines Like Netflix Treats Shows',https://www.nytimes.com/2019/03/05/opinion/can-netflix-show-americans-how-to-cut-the-cost-of-drugs.html,"Why don’t streaming services like Hulu or Netflix go bankrupt? After all, most businesses couldn’t survive if customers paid a flat subscription fee each month for all they could eat or all the gasoline they could use. Yet you can pay Netflix $8.99 and watch one movie or all 342 episodes (so far) of “Grey’s Anatomy.” Netflix doesn’t care.",0.016949153,0.016949153,0,0,0.016949153,0.050847458,0.033898305,0,0.016949153,0.016949153
nyt://article/14929898-ffc0-5866-9c0a-e9fe5bde19ef,2019/3/14 0:00,2019-11,b'\xe2\x80\x98One Day at a Time\xe2\x80\x99 and Why Netflix Is Not Your Friend',https://www.nytimes.com/2019/03/14/arts/television/one-day-at-a-time-canceled-netflix.html,"On Thursday, Netflix canceled “One Day at a Time” after three seasons. This was a loss for fans and for TV. It was a sharp, funny sitcom, full of heart, that also represented groups of people who don’t get enough screen time: Latino, working-class, gay, nonbinary, military, recovering addicts, immigrants. It combined a classic TV form — the studio-audience family sitcom — with a sensibility that was utterly of the moment. It was one of TV’s best laughs and best cries.",0,0.012345679,0,0.012345679,0.012345679,0.049382716,0,0,0.012345679,0
nyt://article/b1acadbf-faa6-5b04-91c3-5cc4134e9f33,2019/3/17 0:00,2019-11,b'Netflix Has Turned Its Back on Latinos',https://www.nytimes.com/2019/03/17/opinion/one-day-at-time-cancelled-netflix.html,"In Netflix’s Cuban-American family sitcom, “One Day at a Time,” Rita Moreno’s punchy one-liners are a complete delight. Justina Machado, who stars as single mom Penelope Alvarez, triggers a sobfest every time she delivers an utterly vulnerable monologue. The series tackles issues from homophobia to colorism with sensitivity and insight, and offers Latinos — members of a woefully underserved demographic — the chance to see ourselves, warts and all, while still reliably delivering laughs and earning rave reviews.",0.025641026,0.012820513,0.025641026,0.012820513,0,0.012820513,0.012820513,0.025641026,0.025641026,0.012820513
nyt://article/a9f8fa2d-a209-5567-8da0-4c0a941e67a3,2019/3/15 0:00,2019-11,b'10 Recent Netflix Originals Worth Your Time',https://www.nytimes.com/2019/03/15/arts/television/netflix-originals.html,"Interested in getting more suggestions on what to stream? Sign up for the Watching newsletter, which we send out every Monday and Friday.",0,0,0,0,0,0,0,0,0,0
nyt://article/51ab8a73-32a1-5dc7-a790-ba18d8bd597c,2019/3/22 0:00,2019-12,b'Why Netflix Won\xe2\x80\x99t Be Part of Apple TV',https://www.nytimes.com/2019/03/22/multimedia/netflix-apple-tv-streaming.html,"Apple and Netflix, for better and for worse, have changed how we spend our leisure hours. In the process, the two companies have upended old media habits and created new ones. ",0.032258065,0,0,0,0,0.032258065,0.032258065,0.032258065,0,0.032258065
nyt://article/1a564728-ad11-5581-b560-dbba7dfebd5c,2019/4/18 0:00,2019-16,"b'Netflix, Which Made \xe2\x80\x98Kimmy Schmidt\xe2\x80\x99 in Brooklyn, to Expand Production Studios There'",https://www.nytimes.com/2019/04/18/nyregion/netflix-new-york-brooklyn.html,"Netflix, the video-streaming company, said on Thursday that it would spend up to $100 million to expand its presence in New York City by creating a production hub in Brooklyn that would include six soundstages.",0,0,0,0,0,0.085714286,0.028571429,0,0,0
nyt://article/6e251ab0-0099-5485-88b6-a0daf9368084,2019/4/16 0:00,2019-16,"b'As Netflix Contends With More Rivals, Hulu Stands Out'",https://www.nytimes.com/2019/04/16/business/media/netflixs-main-rival-is-hulu.html,Everyone’s gunning for Netflix.,0,0,0,0,0,0,0,0,0,0
nyt://article/dbf16f02-e585-5eb9-b867-0431ddb0d963,2019/4/24 0:00,2019-17,b'Blockbuster Battle Between Steven Spielberg and Netflix Fizzles',https://www.nytimes.com/2019/04/23/business/media/steven-spielberg-netflix-academy-awards.html,"LOS ANGELES — It has the makings of a great screenplay: As the future of an entire industry hangs in the balance, the ultimate establishment figure — a genius in his fourth decade of domination — goes to battle with a menacing interloper.",0,0.069767442,0,0.046511628,0.046511628,0.023255814,0.023255814,0,0.069767442,0
nyt://article/5a7ae6ab-c1e0-5678-b2af-be815a4df5e6,2019/4/30 0:00,2019-18,b'\xe2\x80\x98Crazy Rich Asians\xe2\x80\x99 Director to Adapt Thai Cave Rescue Story for Netflix',https://www.nytimes.com/2019/04/30/arts/netflix-thai-cave-boys-rescue.html,"Almost as quickly as the floodwaters rose in the cave where 12 boys and their soccer coach were trapped for more than two weeks in northern Thailand in July, filmmakers and authors raced to tell their story.",0.027027027,0,0,0,0,0,0,0,0,0
nyt://article/7a51db8a-d43b-5ca8-8c3b-39f3d98d2649,2019/5/14 0:00,2019-20,b'Cannes Film Festival: Jury Head Alejandro Gonz\xc3\xa1lez I\xc3\xb1\xc3\xa1rritu Praises Netflix',https://www.nytimes.com/2019/05/14/movies/cannes-film-festival-alejandro-gonzalez-inarritu.html,"CANNES, France — Call it l’éléphant in the room.",0,0,0,0,0,0,0,0,0,0
nyt://article/6259baa5-35dc-5012-ac37-629ecd142f7d,2019/5/17 0:00,2019-20,b'Alejandro Gonz\xc3\xa1lez I\xc3\xb1\xc3\xa1rritu Has Words for Hollywood',https://www.nytimes.com/2019/05/16/movies/alejandro-gonzalez-inarritu-netflix.html,"It was the second day of Alejandro González Iñárritu’s tenure as the jury president of the Cannes Film Festival, and the weather was perfect: Outside his hotel-room balcony on the Croisette, the sky was blue and the ocean was even bluer. Still, as Iñárritu spoke about the complicated future of the film industry, you’d be forgiven for expecting storm clouds.",0.033333333,0.016666667,0,0.016666667,0,0.05,0.016666667,0,0.05,0
nyt://article/6b204cfc-34fc-5bbb-ba90-386859bf4449,2019/5/15 0:00,2019-20,b'Jimmy Kimmel Saves Disney\xe2\x80\x99s Supersize Upfront Presentation',https://www.nytimes.com/2019/05/14/business/media/disney-upfront-kimmel.html,"The TV industry is unveiling its coming season to advertisers in Manhattan this week at a series of events known as the upfronts. Three New York Times media reporters — John Koblin, Edmund Lee and Michael M. Grynbaum — assess the Disney presentation at David Geffen Hall on Tuesday. ",0.020408163,0,0,0,0,0,0.020408163,0,0,0
nyt://article/88074244-f2a2-5ce8-b1c0-5aa04502db7a,2019/5/21 0:00,2019-21,b'7 Recent Netflix Comedy Specials That Are Worth Your Time',https://www.nytimes.com/2019/05/21/arts/television/netflix-comedy-specials.html,"For many comedians, a Netflix special has supplanted the traditional late-night talk show set as the big ticket to success. The streaming service’s global presence helps comedians build fan bases all over the world, which keeps them busy with live shows in far-flung locations.",0.022727273,0,0,0,0,0.113636364,0,0,0,0.022727273
nyt://article/45ca8194-5a77-5e8a-b6fd-9f266f7376ac,2019/5/21 0:00,2019-21,b'New Coke Was a Debacle. It\xe2\x80\x99s Coming Back. Blame \xe2\x80\x98Stranger Things.\xe2\x80\x99',https://www.nytimes.com/2019/05/21/business/media/new-coke-netflix-stranger-things.html,"New Coke, the soft drink that drew a nationwide backlash in 1985, is back. And the credit, or blame, for the return of Coca-Cola’s greatest folly goes to Netflix.",0,0,0,0,0,0,0,0,0.034482759,0
nyt://article/4f15e041-8062-5dc8-904f-2b2bf3b96295,2019/5/28 0:00,2019-22,b'Netflix May \xe2\x80\x98Rethink\xe2\x80\x99 Georgia if Abortion Law Takes Effect',https://www.nytimes.com/2019/05/28/movies/netflix-abortion-law-georgia-movies.html,"The streaming giant Netflix has become the first major Hollywood studio to publicly weigh in on Georgia’s restrictive abortion law, with Ted Sarandos, its chief content officer, saying the company would “rethink our entire investment in Georgia” should the law go into effect.",0.069767442,0,0.023255814,0.023255814,0.046511628,0.046511628,0.023255814,0,0.046511628,0.023255814
nyt://article/eb38ced9-d70d-5f89-a6fa-e11811b7fe31,2019/6/27 0:00,2019-26,b'\xe2\x80\x98One Day at a Time\xe2\x80\x99 to Return in 2020',https://www.nytimes.com/2019/06/27/arts/television/one-day-at-a-time-return-pop-cbs-netflix.html,"The family sitcom “One Day at a Time” will be revived next year on the cable television channel Pop TV, the network announced on Thursday, months after fans began protesting Netflix’s decision to cancel it. ",0,0,0,0.028571429,0,0,0.028571429,0.028571429,0.028571429,0
nyt://article/46bb88b0-7416-5400-9b21-d54cc3981b74,2019/7/2 0:00,2019-27,b'Netflix Has a Talk Show Problem',https://www.nytimes.com/2019/07/02/business/media/netflix-talk-shows.html,"Netflix upended the entertainment business by successfully moving into nearly every genre — scripted dramas, comedies, stand-up specials, documentaries, reality shows and feature films. But one type of programming has proved tricky for the streaming giant: the talk show.",0.025641026,0,0,0,0,0.076923077,0.025641026,0.025641026,0,0.025641026
nyt://article/8e60da83-911f-58cf-a38a-278e23773e65,2019/7/14 0:00,2019-28,b'\xe2\x80\x98The Town Hall of Hollywood.\xe2\x80\x99 Welcome to the Netflix Lobby.',https://www.nytimes.com/2019/07/14/business/media/netflix-lobby-hollywood.html,"LOS ANGELES — Dolly Parton recently held court there, big wig and all. Leonardo DiCaprio and John Kerry arrived at the same time last month. Cindy Crawford on the left, David Letterman on the right. And isn’t that Beyoncé by the espresso bar?",0,0.023255814,0,0,0.023255814,0,0.046511628,0,0,0
nyt://article/bdcd5a3c-36a3-5fa8-beaa-e5afb91eecd3,2019/7/9 0:00,2019-28,"b'\xe2\x80\x98Friends\xe2\x80\x99 to Leave Netflix for HBO Max, AT&T\xe2\x80\x99s New Streaming Service'",https://www.nytimes.com/2019/07/09/business/media/hbo-max-friends-netflix.html,"After AT&T spent over $80 billion to acquire Time Warner in part to take on Netflix, the phone giant’s new streaming service finally has a name: HBO Max. The company also announced it will debut next spring and will offer 10,000 hours of content, including exclusive access to the hit show “Friends.”",0.038461538,0.019230769,0.019230769,0,0,0.076923077,0.019230769,0.019230769,0.038461538,0.019230769
nyt://article/33ffed4f-fdbd-5f27-847f-132ca1a06784,2019/7/17 0:00,2019-29,b'Netflix Stock Tumbles as U.S. Subscribers Decrease After Price Increases',https://www.nytimes.com/2019/07/17/business/media/netflix-earnings-subscribers.html,"Netflix, the streaming juggernaut that has upended the entertainment industry, showed signs of vulnerability Wednesday when it reported that it had lost 126,000 paid subscribers in the United States during the second quarter. It was the first time the company had shed domestic streaming customers since it started its digital service 12 years ago and its shares fell sharply.",0.016949153,0,0,0.050847458,0.016949153,0.016949153,0.033898305,0.016949153,0.06779661,0.016949153
nyt://article/e55cb2ba-6a61-5d40-8f92-e92d693d3c57,2019/7/19 0:00,2019-29,b'Netflix Wants to Make Its Dubbed Foreign Shows Less Dubby',https://www.nytimes.com/2019/07/19/arts/television/netflix-money-heist.html,"In June, the actress Ayelet Zurer stood at a microphone in a Los Angeles recording studio, reading English dialogue aloud as it scrolled, karaoke-like, under scenes of Netflix’s Spanish crime drama “La Casa de Papel,” or “Money Heist.” ",0,0.026315789,0,0,0,0.026315789,0,0,0.026315789,0
nyt://article/db2523f9-7e3a-5059-a6dc-c1a7b3a452aa,2019/7/16 0:00,2019-29,b'Netflix Deletes \xe2\x80\x9813 Reasons Why\xe2\x80\x99 Suicide Scene',https://www.nytimes.com/2019/07/16/arts/television/netflix-deleted-13-reasons-why-suicide-scene.html,"Netflix has deleted a graphic scene from the first season of “13 Reasons Why” in which a teenage girl kills herself, more than two years after the episode premiered.",0,0,0,0,0,0,0,0,0,0
nyt://article/ba4a385a-4aec-597e-860d-fe97604a3150,2019/7/16 0:00,2019-29,b'\xe2\x80\x98Game of Thrones\xe2\x80\x99 and HBO Dominate 2019 Emmy Nominations',https://www.nytimes.com/2019/07/16/arts/television/emmy-awards-nominees-live-updates.html,"“Game of Thrones” demolished an Emmys record on Tuesday, picking up 32 nominations, the highest total for any show in a single year. The final season of the HBO series beat out “NYPD Blue,” which had 26 nominations in 1994. ",0.05,0,0,0,0.025,0.025,0.025,0.025,0.025,0.025
nyt://article/6a3be472-3b5c-5603-9e1d-c5a7b3e14d35,2019/7/18 0:00,2019-29,b'What\xe2\x80\x99s on TV Thursday: \xe2\x80\x98The Real Housewives of New York City\xe2\x80\x99 and \xe2\x80\x98Secret Obsession\xe2\x80\x99',https://www.nytimes.com/2019/07/18/arts/television/whats-on-tv-thursday-the-real-housewives-of-new-york-city-and-secret-obsession.html,"THE REAL HOUSEWIVES OF NEW YORK CITY 9 p.m. on Bravo. After 11 seasons of Bravo’s long-running reality franchise, you may have thought they would have run out of drama. But you would be wrong. This season has seen fan-favorites like Luann “The Countess” de Lesseps, Bethenny Frankel and Sonja Morgan bicker with one another and their newer counterparts, yelling about etiquette, money, lobsters and of course, the fashion label Jovani. In the second night of the reunion special, all six cast members sit down with Andy Cohen to discuss all the shade that was thrown this season, including rumors about Tinsley Mortimer’s financial situation, Dorinda Medley’s infamous “Fish Room” and Lesseps’s singing ability. ",0.01754386,0.00877193,0.00877193,0,0.00877193,0.01754386,0.01754386,0,0.00877193,0
nyt://article/0c0657cd-d919-5ae0-993c-680374a1a5d2,2019/7/16 0:00,2019-29,b'Here\xe2\x80\x99s a Full List of the 2019 Emmy Nominations',https://www.nytimes.com/2019/07/16/arts/television/emmy-nominations-list.html,"“Game of Thrones” dominated the 2019 Emmy nominations, which were announced this morning. The Emmy awards ceremony will be held on Sept. 22 and will be broadcast on Fox from the Microsoft Theater in Los Angeles. ",0,0,0,0,0,0.027777778,0,0.027777778,0,0.027777778
nyt://video/9c0240b4-683f-5482-8c1a-fff53705d3eb,2019/7/22 0:00,2019-30,b'Watch the \xe2\x80\x98Diagnosis\xe2\x80\x99 Trailer',https://www.nytimes.com/video/magazine/100000006619964/watch-the-diagnosis-trailer.html,A new documentary series from The Times and Netflix follows Dr. Lisa Sanders as she solves medical mysteries — with help from Times readers.,0.083333333,0,0,0,0.041666667,0.041666667,0.041666667,0,0,0
nyt://article/39b53bf5-1a25-58b5-8a7d-928eee842877,2019/7/22 0:00,2019-30,b'\xe2\x80\x98Anna Delvey\xe2\x80\x99 Might Not Profit From Netflix Series on Her Life as a Fake Heiress',https://www.nytimes.com/2019/07/22/nyregion/anna-delvey-sorokin-netflix.html,"Anna Sorokin, the fake heiress who bamboozled New York’s elite and is serving time in state prison, may not see any of the proceeds from a deal she signed with Netflix to transform her life story into a television series.",0.05,0,0,0,0,0.05,0.075,0.025,0.025,0.05
nyt://article/d166a226-6876-5a9b-b3e2-a370fcc1f8aa,2019/8/9 0:00,2019-32,"b'Can Netflix, the King of Stand-Up Specials, Be Dethroned?'",https://www.nytimes.com/2019/08/09/arts/television/jim-gaffigan-julio-torres.html,Imagine Netflix died. What happens to stand-up comedy?,0,0,0,0,0,0,0,0,0,0
nyt://article/2d1b6321-5a81-5457-8e9a-d8694f6e5288,2019/8/21 0:00,2019-34,"b'Scorsese\xe2\x80\x99s New Mob Epic, \xe2\x80\x98The Irishman,\xe2\x80\x99 Has Netflix and Theaters at Odds'",https://www.nytimes.com/2019/08/21/business/media/netflix-scorsese-the-irishman.html,"LOS ANGELES — When Martin Scorsese signed with Netflix to make “The Irishman,” the star-studded epic scheduled to have its premiere on the opening night of the New York Film Festival next month, he put himself in the crossfire of the so-called streaming wars.",0,0,0,0,0,0.022727273,0,0,0,0
nyt://article/8b2373f9-0ebc-5025-a544-084424ec3557,2019/8/24 0:00,2019-34,"b'\xe2\x80\x98Breaking Bad\xe2\x80\x99 Movie, Starring Aaron Paul, Coming to Netflix in October'",https://www.nytimes.com/2019/08/24/arts/television/breaking-bad-movie-starring-aaron-paul-coming-to-netflix-in-october.html,"Nearly six years ago, viewers of “Breaking Bad” watched the final episode of that series, in which the drug kingpin Walter White (played by Bryan Cranston) emerged from hiding and sacrificed his life to rescue his one-time partner, Jesse Pinkman (Aaron Paul) from an Aryan Brotherhood gang. When White expired in a meth lab and the credits rolled, audiences believed it might be the last time they would see many of these characters.",0.02739726,0,0,0,0.01369863,0.01369863,0.02739726,0.01369863,0.01369863,0.01369863
nyt://article/951b241b-89d5-5f03-84c2-73f7192424b4,2019/8/27 0:00,2019-35,b'Netflix Falls Short in Big Screen Debut of \xe2\x80\x98The Irishman\xe2\x80\x99',https://www.nytimes.com/2019/08/27/business/media/netflix-scorsese-the-irishman.html,"LOS ANGELES — After months of negotiations, Netflix couldn’t clinch the big-screen deal it wanted.",0.066666667,0,0,0,0,0.066666667,0.066666667,0.066666667,0,0.066666667
nyt://article/e8af3a0f-32c0-56aa-ab6c-886d7642e189,2019/9/4 0:00,2019-36,"b'No, Netflix Is Not Abandoning Its Binge Format'",https://www.nytimes.com/2019/09/04/arts/television/netflix-binge-great-british-baking.html,"There’s a chill in the air, and for a certain cozy-inclined television viewer, that means curling up with a cable-knit blanket to binge “The Great British Baking Show” on Netflix. ",0.033333333,0,0,0,0,0,0,0,0,0
nyt://article/9c78273b-4a9b-5107-a6c7-e109474191cd,2019/9/15 0:00,2019-37,"b'Long Before \xe2\x80\x98Netflix and Chill,\xe2\x80\x99 He Was the Netflix C.E.O.'",https://www.nytimes.com/2019/09/15/business/media/netflix-chief-executive-reed-hastings-marc-randolph.html,"SANTA CRUZ, Calif. — Long before binge-watching, the streaming wars and “Netflix and chill,” there were two guys barreling down Highway 17 — the California roadway that connects Santa Cruz to Silicon Valley — trying to come up with the next big thing.",0,0,0,0,0,0,0,0,0,0
nyt://article/c66187a7-ede2-50d8-8ef5-f0ec8cb8263b,2019/9/12 0:00,2019-37,b'Here\xe2\x80\x99s When Your Favorite Shows Are Returning This Fall',https://www.nytimes.com/2019/09/12/arts/television/fall-tv-schedule.html,"If your only question when a new television season rolls around is, “When are my shows coming back?,” here are the answers. (If you’re more interested in what’s next, check out our comprehensive guide to the fall’s new shows.) From “American Horror Story” to “Lost in Space,” here’s a chronological list of notable returning series.",0.036363636,0,0.018181818,0.018181818,0,0.090909091,0.018181818,0,0,0.018181818
nyt://article/709d7b88-9e12-586d-bc04-45add22e2720,2019/9/16 0:00,2019-38,b'Bingeworthy: Netflix Snaps Up Streaming Rights to \xe2\x80\x98Seinfeld\xe2\x80\x99',https://www.nytimes.com/2019/09/16/business/media/seinfeld-netflix-streaming-rights.html,"The battle for the streaming rights to 1990s sitcoms continued on Monday, when Netflix announced it had acquired the global rights to “Seinfeld.”",0,0.043478261,0,0,0,0,0,0,0.043478261,0
nyt://article/5208c4e2-1064-5d13-b90b-eb4fe4a9884a,2019/9/16 0:00,2019-38,b'\xe2\x80\x98Game of Thrones\xe2\x80\x99 Dominates at the Creative Arts Emmy Awards',https://www.nytimes.com/2019/09/16/business/media/creative-arts-emmy-awards.html,“Game of Thrones” has won more Emmys than any other drama in the history of television. Did anyone think it would go out quietly for its final turn?,0,0,0,0,0,0,0,0,0,0
nyt://article/6748f3f8-7779-558f-9bda-665ddc396884,2019/9/27 0:00,2019-39,"b'Ryan Murphy, Super Producer, Reboots Himself for Netflix and \xe2\x80\x98The Politician\xe2\x80\x99'",https://www.nytimes.com/2019/09/26/business/media/netflix-ryan-murphy-the-politician.html,"LOS ANGELES — Ryan Murphy, the prolific television producer behind “American Horror Story,” “American Crime Story” and “Pose,” had a plan for the moment his first Netflix series would become available.",0.032258065,0,0,0,0,0.064516129,0.032258065,0,0,0
nyt://article/e7db5117-1bc9-5bdd-b303-664d6ac8d3b0,2019/10/4 0:00,2019-40,b'Disney Bars Netflix TV Ads in Battle for Streaming Supremacy',https://www.nytimes.com/2019/10/04/business/media/disney-netflix-advertising.html,LOS ANGELES — Dear Netflix: Keep your money.,0,0,0,0,0,0,0,0,0,0
nyt://article/4378c183-2624-568b-b903-d98920cc0ede,2019/10/3 0:00,2019-40,b'Chappelle',https://www.nytimes.com/2019/10/03/podcasts/still-processing-dave-chappelle-aziz-ansari-louis-ck.html,"Comedy is changing. Dave Chappelle’s latest Netflix comedy special, “Sticks & Stones,” makes us wonder if he can keep up.",0,0,0,0,0,0,0,0,0,0
nyt://article/a01e75b8-cf28-5eac-baa5-aac3b460b340,2019/10/3 0:00,2019-40,b'Can \xe2\x80\x98The Irishman\xe2\x80\x99 Help Netflix Rule the Best-Picture Race?',https://www.nytimes.com/2019/10/03/movies/the-irishman-netflix-oscar.html,Hollywood traditionalists blanched this year when the streaming juggernaut Netflix managed to crack the Oscars’ best-picture race.,0,0,0,0,0,0,0,0,0.058823529,0
nyt://article/5ce3b050-18a8-541b-9990-8c06be374041,2019/10/2 0:00,2019-40,b'\xe2\x80\x98The Irishman\xe2\x80\x99 Opens the New York Film Festival',https://www.nytimes.com/2019/10/02/style/the-irishman-king-Timothee-Chalamet.html,"Martin Scorsese’s new drama, “The Irishman,” which opened this year’s New York Film Festival, took 12 years to make and three and a half hours to watch.",0,0,0,0,0,0,0,0,0,0
nyt://article/e3348a35-0197-5fb1-8ccb-319305dd3561,2019/10/11 0:00,2019-41,b'Netflix Goes All Out to Wow Children as Streaming Wars Intensify',https://www.nytimes.com/2019/10/11/business/media/netflix-children-movies-streaming.html,"LOS ANGELES — Walk the halls of Netflix Animation, spread across three buildings in the heart of Hollywood, and a cheeky question may cross your mind: Is anyone left at Disney Channel headquarters?",0,0.03030303,0,0.03030303,0.03030303,0.03030303,0,0,0.03030303,0
nyt://article/1dde4fb0-8e69-5728-8c05-64f8c4f9845b,2019/10/17 0:00,2019-42,"b'Netflix\xe2\x80\x99s Top 10 Original Movies and TV Shows, According to Netflix'",https://www.nytimes.com/2019/10/17/business/media/netflix-top-ten-movies-tv-shows.html,"Earlier this year, Netflix started doing something it had not done since it began streaming shows of its own in 2012: disclosing viewership figures for its original series and movies.",0.033333333,0,0,0,0,0,0,0,0,0
nyt://article/09a9b84e-52e3-5c52-a269-5ea4d48002e8,2019/10/16 0:00,2019-42,b'\xe2\x80\x98Stranger Things\xe2\x80\x99 Helps Netflix Increase Subscribers',https://www.nytimes.com/2019/10/16/business/media/netflix-q3-earnings.html,"Netflix has stemmed the bleeding. The streaming juggernaut overcame its rare moment of weakness from last quarter to add 6.8 million new customers this quarter, the company reported on Wednesday, with 520,000 of them in the United States. ",0,0,0,0,0,0,0,0,0.026315789,0
nyt://article/564bcbfe-8ce9-5eed-ab88-5a87b096af1c,2019/10/16 0:00,2019-42,b'Firm at Center of Panama Papers Sues Netflix Over \xe2\x80\x98The Laundromat\xe2\x80\x99',https://www.nytimes.com/2019/10/16/movies/panama-papers-laundromat-netflix.html,The Panama-based law firm that helped some of the world’s wealthiest people establish offshore bank accounts and was the source for a trove of leaked documents known as the Panama Papers has sued Netflix over its depiction in the Steven Soderbergh film “The Laundromat.”,0.090909091,0,0,0,0,0,0,0,0,0
nyt://article/d1aa9681-a675-5292-be10-ff764f514fdf,2019/10/23 0:00,2019-43,"b'Scorsese Does Broadway, and Other Splashy Netflix Plans'",https://www.nytimes.com/2019/10/23/business/scorsese-broadway-netflix-irishman.html,"LOS ANGELES — When Netflix went into the business of making movies with big stars and A-list directors, it found itself faced with a new challenge: the handling of the Hollywood ego.",0.03125,0,0,0,0,0.03125,0,0,0,0.03125
nyt://article/b091c3d4-8cc6-57a0-8705-7c96b6eeed1d,2019/11/1 0:00,2019-44,b'Inside the Debate Between Netflix and Big Theater Chains Over \xe2\x80\x98The Irishman\xe2\x80\x99',https://www.nytimes.com/2019/11/01/business/irishman-netflix-theaters.html,"LOS ANGELES — Netflix and the owners of the major theater chains could have made a lot of money together, if only they had seen eye to eye on the release of “The Irishman.” And people across the country could have seen the film, Martin Scorsese’s gangster epic, the way it was meant to be seen, on the big screen, in the dark, with tubs of popcorn on their laps.",0.014285714,0.014285714,0,0,0,0.028571429,0.014285714,0.014285714,0,0.014285714
nyt://article/a597460b-2bbe-5985-a148-7c43518def9a,2019/10/31 0:00,2019-44,b'Netflix Expands Into a World Full of Censors',https://www.nytimes.com/2019/10/31/arts/television/netflix-censorship-turkey-india.html,"ISTANBUL — In September, Netflix released a trailer for the “Breaking Bad” sequel “El Camino.” In it, a character sits in a car, lights a cigarette and holds it out the window, its orange tip glowing.",0,0,0,0,0,0,0.027777778,0,0.027777778,0
nyt://article/f03519ef-3a1e-5f59-8d49-182aace5b5f4,2019/10/29 0:00,2019-44,"b'What If Netflix, but Twice as Fast?'",https://www.nytimes.com/2019/10/29/style/netflix-speed-playback-video.html,Netflix has confirmed and also downplayed a report that it is testing a feature on cellphones that allows users to speed up (or slow down) its videos. ,0.037037037,0,0,0,0,0.074074074,0,0,0,0
nyt://article/4f34b249-798b-54ec-816e-ad70ecf0fc1e,2019/10/29 0:00,2019-44,b'Producers of \xe2\x80\x98Game of Thrones\xe2\x80\x99 Quit \xe2\x80\x98Star Wars\xe2\x80\x99 to Focus on Netflix',https://www.nytimes.com/2019/10/29/business/media/weiss-david-benioff-star-wars.html,The “Star Wars” universe lost two super producers before they could even get a project onto the silver screen. ,0,0,0,0.052631579,0,0,0,0,0.052631579,0
nyt://article/27b9ce91-da6b-5494-ace7-c2c9d1bd3e40,2019/10/30 0:00,2019-44,b'\xe2\x80\x98The Irishman\xe2\x80\x99: What to Read About Martin Scorsese\xe2\x80\x99s Netflix Mob Drama',https://www.nytimes.com/2019/10/30/movies/the-irishman-release.html,"“The Irishman,” the director Martin Scorsese’s latest crime epic (truly, at three and a half hours), premieres Friday in movie theaters around the country before reaching Netflix on Nov. 27. The film, about a hitman (Robert De Niro), a Mafia boss (Joe Pesci) and the never-solved death of the Teamsters leader Jimmy Hoffa (Al Pacino), has been rapturously reviewed and is already a leading contender for this year’s biggest Oscar categories. Here are a few reviews, interviews and features to check out if you’re planning to watch it this weekend.",0.044444444,0.022222222,0.011111111,0.011111111,0.022222222,0.044444444,0.033333333,0.011111111,0.022222222,0
nyt://article/b4f5d985-1679-5f55-bfbf-e6135ecdb9f1,2019/11/4 0:00,2019-45,"b'\xe2\x80\x98The Irishman\xe2\x80\x99 on Broadway: Phone Booths, Broadsheets and Jimmy Hoffa Stickers'",https://www.nytimes.com/2019/11/04/movies/irishman-belasco-netflix.html,"A long line of moviegoers stretched down West 44th Street on one of New York’s first bitterly cold days. Shuffling past oversize posters of Robert De Niro, Al Pacino and Joe Pesci, and past ornate gold statues perched above the Belasco Theater’s box office, the ticket-holders headed in for a Saturday matinee.",0,0.019230769,0.019230769,0.019230769,0,0.038461538,0.019230769,0,0.038461538,0
nyt://article/34765999-9b28-5e8b-8edb-ba27182c23ba,2019/11/5 0:00,2019-45,b'Supervisor Had Netflix Playing During Botched 911 Call',https://www.nytimes.com/2019/11/05/us/911-call-supervisor-netflix.html,"When a bullet punched through her car’s rear windshield and narrowly missed hitting her in the head, Guadalupe Herrera called 911. Then she waited. And waited. In the end, it took half an hour for the dispatchers to send a Coral Springs, Fla., police officer to the scene. By that time Ms. Herrera had driven herself to a police station.",0.05,0,0,0,0.033333333,0.05,0.016666667,0,0.016666667,0
nyt://article/03587a05-7b68-50ed-bd9d-dfff8a9634f5,2019/11/13 0:00,2019-46,b'\xe2\x80\x98SpongeBob\xe2\x80\x99 Spinoff Highlights Netflix-Nickelodeon Deal',https://www.nytimes.com/2019/11/13/business/media/netflix-nickelodeon-spongebob-squarepants.html,"LOS ANGELES — Nickelodeon will make a “SpongeBob SquarePants” spinoff for Netflix as part of a multiyear content-production deal that reflects the pressure on Netflix to fortify itself against new streaming competition, notably Disney Plus.",0.028571429,0,0,0,0,0.057142857,0.028571429,0.028571429,0.028571429,0.028571429
nyt://article/b9b34cee-f97f-5054-adec-9badcbfe2a6b,2019/11/14 0:00,2019-46,b'Eddie Murphy Will Star in \xe2\x80\x98Beverly Hills Cop 4\xe2\x80\x99 for Netflix',https://www.nytimes.com/2019/11/14/movies/eddie-murphy-beverly-hills-cop-4-netflix.html, ,0,0,0,0,0,0,0,0,0,0
nyt://article/769da573-1ca4-5150-900b-81ba62c0bff5,2019/11/11 0:00,2019-46,b'Netflix Keeps an Eye on the Mouse',https://www.nytimes.com/2019/11/11/business/dealbook/netflix-reed-hastings.html,Let’s get this out of the way. Netflix will not do any of the following anytime soon.,0,0,0,0,0,0,0,0,0,0
nyt://article/5b07526c-6026-51bb-922b-cc4c08e8ead0,2019/11/14 0:00,2019-46,b'Netflix to Amend Maps After Complaint From Poland',https://www.nytimes.com/2019/11/14/movies/devil-next-door-netflix-maps.html,"Days after public criticism from Poland’s prime minister, Netflix said that it will modify some of the maps shown in the new documentary series, “The Devil Next Door,” to clarify that concentration camps shown within the boundaries of modern-day Poland were built and operated by Nazi Germany.",0,0.021276596,0,0.021276596,0,0.063829787,0.021276596,0.021276596,0.021276596,0
nyt://article/32b1633a-bea2-5eec-a240-c3146db6a0bd,2019/11/12 0:00,2019-46,b'Poland Objects to Holocaust-Era Map in Netflix Series',https://www.nytimes.com/2019/11/11/arts/television/poland-netflix-devil-next-door.html,"Prime Minister Mateusz Morawiecki of Poland sent a sharply worded letter to Netflix on Sunday objecting to a map shown in the new documentary series, “The Devil Next Door,” arguing that it suggests that Poland was responsible for Nazi-run concentration camps.",0.024390244,0,0,0,0,0.024390244,0.024390244,0,0,0
nyt://article/de64e265-e6a5-5a36-a593-75590a78b21d,2019/11/21 0:00,2019-47,b'Netflix Goes Down',https://www.nytimes.com/aponline/2019/11/21/business/ap-us-netflix-outage.html,NEW YORK — Netflix suffered a brief outage Thursday.,0,0,0,0,0,0,0,0,0,0
nyt://article/568db409-c0f3-5e45-bbfc-04503ec8df19,2019/11/19 0:00,2019-47,"b""One Week in, Netflix's Stock Is Weathering Disney+""",https://www.nytimes.com/reuters/2019/11/19/business/19reuters-streaming-stocks.html,SAN FRANCISCO — Wall Street's reaction so far to Walt Disney Co's long-awaited streaming service suggests investors believe the competition may not be as crushing as expected for entertainment rival Netflix Inc. ,0.03125,0.03125,0.03125,0,0.03125,0.03125,0.09375,0.03125,0.0625,0.03125
nyt://article/9c99fcd2-d1a8-5205-8500-aae027ec80da,2019/11/25 0:00,2019-48,b'Netflix\xe2\x80\x99s New Single-Screen Space: The Paris Theater',https://www.nytimes.com/2019/11/25/movies/netflix-paris-theater.html,"When the Paris Theater, New York City’s last surviving single-screen movie house, shut its doors in August, it wasn’t just a heart-wrenching loss for film lovers: It was a physical symbol of the ways streaming services are fundamentally changing the film industry. ",0,0.023809524,0,0.023809524,0.023809524,0,0,0,0.023809524,0
nyt://article/9c99fcd2-d1a8-5205-8500-aae027ec80da,2019/11/25 0:00,2019-48,b'Netflix\xe2\x80\x99s New Single-Screen Space: The Paris Theater',https://www.nytimes.com/2019/11/25/movies/netflix-paris-theater.html,"When the Paris Theater, New York City’s last surviving single-screen movie house, shut its doors in August, it wasn’t just a heart-wrenching loss for film lovers: It was a physical symbol of the ways streaming services are fundamentally changing the film industry. ",0,0.023809524,0,0.023809524,0.023809524,0,0,0,0.023809524,0